{
  "hash": "9540a0a4",
  "configHash": "cdc49403",
  "lockfileHash": "e72cd782",
  "browserHash": "09192210",
  "optimized": {
    "@angular/common": {
      "src": "../../../../../node_modules/@angular/common/fesm2022/common.mjs",
      "file": "@angular_common.js",
      "fileHash": "1265b58a",
      "needsInterop": false
    },
    "@angular/common/http": {
      "src": "../../../../../node_modules/@angular/common/fesm2022/http.mjs",
      "file": "@angular_common_http.js",
      "fileHash": "6524ca1c",
      "needsInterop": false
    },
    "@angular/core": {
      "src": "../../../../../node_modules/@angular/core/fesm2022/core.mjs",
      "file": "@angular_core.js",
      "fileHash": "f930f0f3",
      "needsInterop": false
    },
    "@angular/forms": {
      "src": "../../../../../node_modules/@angular/forms/fesm2022/forms.mjs",
      "file": "@angular_forms.js",
      "fileHash": "5a6d4504",
      "needsInterop": false
    },
    "@angular/material/icon": {
      "src": "../../../../../node_modules/@angular/material/fesm2022/icon.mjs",
      "file": "@angular_material_icon.js",
      "fileHash": "5830006d",
      "needsInterop": false
    },
    "@angular/platform-browser": {
      "src": "../../../../../node_modules/@angular/platform-browser/fesm2022/platform-browser.mjs",
      "file": "@angular_platform-browser.js",
      "fileHash": "71771098",
      "needsInterop": false
    },
    "@angular/platform-browser/animations/async": {
      "src": "../../../../../node_modules/@angular/platform-browser/fesm2022/animations/async.mjs",
      "file": "@angular_platform-browser_animations_async.js",
      "fileHash": "e6199efb",
      "needsInterop": false
    },
    "@angular/router": {
      "src": "../../../../../node_modules/@angular/router/fesm2022/router.mjs",
      "file": "@angular_router.js",
      "fileHash": "ac9607a1",
      "needsInterop": false
    },
    "@ngx-translate/core": {
      "src": "../../../../../node_modules/@ngx-translate/core/dist/fesm2022/ngx-translate-core.mjs",
      "file": "@ngx-translate_core.js",
      "fileHash": "b2fd63ac",
      "needsInterop": false
    },
    "@ngx-translate/http-loader": {
      "src": "../../../../../node_modules/@ngx-translate/http-loader/dist/fesm2022/ngx-translate-http-loader.mjs",
      "file": "@ngx-translate_http-loader.js",
      "fileHash": "0deb70fb",
      "needsInterop": false
    },
    "rxjs": {
      "src": "../../../../../node_modules/rxjs/dist/esm5/index.js",
      "file": "rxjs.js",
      "fileHash": "f5e7255a",
      "needsInterop": false
    },
    "rxjs/operators": {
      "src": "../../../../../node_modules/rxjs/dist/esm5/operators/index.js",
      "file": "rxjs_operators.js",
      "fileHash": "a646015a",
      "needsInterop": false
    }
  },
  "chunks": {
    "browser-EB2CY4N4": {
      "file": "browser-EB2CY4N4.js"
    },
    "chunk-DEWO4NC6": {
      "file": "chunk-DEWO4NC6.js"
    },
    "chunk-5TTOS3KW": {
      "file": "chunk-5TTOS3KW.js"
    },
    "chunk-QS4Z7TXV": {
      "file": "chunk-QS4Z7TXV.js"
    },
    "chunk-CGL56N74": {
      "file": "chunk-CGL56N74.js"
    },
    "chunk-XPU7EA6D": {
      "file": "chunk-XPU7EA6D.js"
    },
    "chunk-QN5HDKTT": {
      "file": "chunk-QN5HDKTT.js"
    },
    "chunk-MHK6ZZQX": {
      "file": "chunk-MHK6ZZQX.js"
    },
    "chunk-WDMUDEB6": {
      "file": "chunk-WDMUDEB6.js"
    }
  }
}